sep=;
"ID";"Prioridad";"Módulo";"Acción y pasos";"Resultado esperado";"Estado";"Responsable";"Fecha Lima";"Versión / commit";"Entorno";"Resultado real";"Evidencia";"Incidencia"
"GEN01";"P1";"Comportamiento común de cualquier acción";"Guardar un formulario válido con red lenta.";"Indicar carga, impedir envíos duplicados, mostrar éxito solo tras confirmación del servidor y actualizar los datos.";"Pendiente";"";"";"";"";"";"";""
"GEN02";"P1";"Comportamiento común de cualquier acción";"Guardar con campos vacíos, espacios, valores inválidos y límites.";"Señalar el campo y el problema; conservar lo escrito; no crear registros parciales.";"Pendiente";"";"";"";"";"";"";""
"GEN03";"P1";"Comportamiento común de cualquier acción";"Abrir edición, cambiar datos y cancelar/cerrar/Escape.";"No persistir cambios; volver a los valores guardados al abrir de nuevo. Advertir si se pierde una edición significativa.";"Pendiente";"";"";"";"";"";"";""
"GEN04";"P0";"Comportamiento común de cualquier acción";"Hacer doble clic, pulsar Enter repetidamente y reenviar desde dos pestañas.";"Una acción lógica no debe producir dos cobros, dos ventas, dos entradas ni dos registros accidentales. Verificar base y reporte, no solo el mensaje.";"Pendiente";"";"";"";"";"";"";""
"GEN05";"P1";"Comportamiento común de cualquier acción";"Recargar tras crear/editar/eliminar y abrir otro navegador.";"Los cambios confirmados persisten; no depender solo del estado de React o del almacenamiento del navegador.";"Pendiente";"";"";"";"";"";"";""
"GEN06";"P1";"Comportamiento común de cualquier acción";"Cortar la conexión antes/durante/después de guardar.";"Mostrar error o estado incierto correcto; no prometer éxito, no perder datos escritos y permitir recuperar sin duplicar.";"Pendiente";"";"";"";"";"";"";""
"GEN07";"P0";"Comportamiento común de cualquier acción";"Expirar/revocar la sesión con un formulario abierto e intentar guardar.";"Rechazar la operación; pedir iniciar sesión. No mantener acceso porque la pantalla sigue abierta.";"Pendiente";"";"";"";"";"";"";""
"GEN08";"P1";"Comportamiento común de cualquier acción";"Forzar respuestas 400/401/403/404/409/429/500/502/503 en pruebas.";"Mensaje entendible; 401 invita al login, 403 niega permiso, 409 exige refrescar, 429 respeta espera. No mostrar SQL, stack, secretos ni JSON crudo de proveedores.";"Pendiente";"";"";"";"";"";"";""
"GEN09";"P1";"Comportamiento común de cualquier acción";"Listado vacío, búsqueda sin resultados y error de carga.";"Diferenciar «sin datos» de «no se pudieron cargar»; ofrecer reintento; no mostrar ceros como si fueran datos reales tras un error.";"Pendiente";"";"";"";"";"";"";""
"GEN10";"P0";"Comportamiento común de cualquier acción";"Copiar URL de un recurso de A y abrirla como B o sin sesión; repetir petición desde Network.";"Rechazo en servidor; ocultar controles en la interfaz por sí solo no es suficiente.";"Pendiente";"";"";"";"";"";"";""
"PUB01";"P1";"Inicio público y navegación";"Abrir / sin sesión; navegar a planes, historias, galería y tienda.";"Cargar contenido público, navegación y llamadas a acción sin errores ni controles de administración.";"Pendiente";"";"";"";"";"";"";""
"PUB02";"P1";"Inicio público y navegación";"Abrir la portada sin planes persistidos.";"Mostrar planes de respaldo; leer la portada no debe crear planes en la base.";"Pendiente";"";"";"";"";"";"";""
"PUB03";"P0";"Inicio público y navegación";"Elegir plan sin sesión.";"Pedir login antes de cualquier pago; preservar una navegación comprensible.";"Pendiente";"";"";"";"";"";"";""
"PUB04";"P0";"Inicio público y navegación";"Elegir un plan autenticado y revisar el flujo completo.";"Por defecto informa activación en recepción y no abre pago. Antes de habilitar compra online: pago y asignación exacta del plan/duración. B01: flujo online pendiente; no aprobar su habilitación.";"Pendiente";"";"";"";"";"";"";""
"PUB05";"P1";"Inicio público y navegación";"Bloquear la carga del script de Culqi.";"Informar pasarela no disponible; no abrir checkout vacío ni indicar compra exitosa.";"Pendiente";"";"";"";"";"";"";""
"PUB06";"P1";"Inicio público y navegación";"Abrir imágenes rotas y enlaces externos/WhatsApp/contacto.";"Fallback de imagen; destino correcto. Abrir un enlace no debe enviar automáticamente mensajes.";"Pendiente";"";"";"";"";"";"";""
"PUB07";"P0";"Inicio público y navegación";"Intentar editar planes, historias o galería con cliente y anónimo.";"API rechaza; solo el administrador puede modificar contenido.";"Pendiente";"";"";"";"";"";"";""
"AUT01";"P0";"Registro, login y sesión";"Registrar cliente válido; enviar también role: admin en la petición.";"Crear usuario y perfil una sola vez, siempre como cliente; nunca aceptar escalada de rol.";"Pendiente";"";"";"";"";"";"";""
"AUT02";"P1";"Registro, login y sesión";"Registrar usuario/teléfono/email duplicado; repetir con mayúsculas y distintos formatos de teléfono.";"No crear otra identidad equivalente; error claro. Variantes y concurrencia requieren validación especial B08.";"Pendiente";"";"";"";"";"";"";""
"AUT03";"P0";"Registro, login y sesión";"Registrar contraseñas de 7 caracteres, 8 caracteres y más de 72 bytes UTF-8.";"Rechazar corta/excesiva; aceptar válida. No truncar silenciosamente una contraseña con emojis.";"Pendiente";"";"";"";"";"";"";""
"AUT04";"P1";"Registro, login y sesión";"Nombre vacío, email inválido, teléfono inválido, datos muy largos o HTML en campos.";"Validar; HTML se muestra como texto. No permitir páginas o scripts incrustados.";"Pendiente";"";"";"";"";"";"";""
"AUT05";"P0";"Registro, login y sesión";"Login correcto como admin y cliente; intentar ir al panel del otro rol.";"Redirigir a su panel; servidor niega las operaciones del otro rol.";"Pendiente";"";"";"";"";"";"";""
"AUT06";"P0";"Registro, login y sesión";"Login con usuario inexistente y con contraseña incorrecta.";"Mismo error genérico de credenciales; no revelar contraseña, hash o secreto 2FA.";"Pendiente";"";"";"";"";"";"";""
"AUT07";"P0";"Registro, login y sesión";"Hacer 8 intentos fallidos para una misma identidad; intentar otro antes de 15 minutos.";"Bloquear temporalmente y comunicar espera; no reiniciar contador refrescando la página. En varios procesos, ver B06.";"Pendiente";"";"";"";"";"";"";""
"AUT08";"P0";"Registro, login y sesión";"Cliente con 2FA: login sin OTP, OTP incorrecto, expirado y válido.";"Solo OTP válido permite sesión; el código debe tener seis dígitos.";"Pendiente";"";"";"";"";"";"";""
"AUT09";"P0";"Registro, login y sesión";"Abrir dos navegadores, cambiar/restablecer contraseña desde uno y usar la sesión anterior.";"La sesión anterior deja de autorizar APIs y /api/auth/session deja de entregar sesión válida; contraseña antigua falla.";"Pendiente";"";"";"";"";"";"";""
"AUT10";"P0";"Registro, login y sesión";"Cambiar rol, activar 2FA o borrar cuenta de una sesión abierta en pruebas.";"Revocar los JWT anteriores y los permisos elevados; las conexiones de eventos también dejan de entregar datos.";"Pendiente";"";"";"";"";"";"";""
"AUT11";"P0";"Registro, login y sesión";"Cerrar sesión; usar atrás, recargar y volver a pedir datos privados.";"No recuperar datos ni poder guardar. Revisar el caché del navegador y Network.";"Pendiente";"";"";"";"";"";"";""
"AUT12";"P0";"Registro, login y sesión";"Revisar cookies en HTTPS y en localhost.";"Cookie de sesión HttpOnly, SameSite=Lax; Secure en HTTPS. No guardar contraseña ni token de sesión en localStorage.";"Pendiente";"";"";"";"";"";"";""
"AUT13";"P1";"Registro, login y sesión";"Volver a entrar tras desplegar estas correcciones.";"Las sesiones antiguas sin versión de credenciales requieren nuevo login; informar este cambio al personal.";"Pendiente";"";"";"";"";"";"";""
"SEG01";"P0";"Recuperación, verificación de correo y 2FA";"Solicitar recuperación para cuenta existente e inexistente.";"Mensaje externo genérico; el correo debe enviarse solo al destino verificado de la cuenta correspondiente.";"Pendiente";"";"";"";"";"";"";""
"SEG02";"P0";"Recuperación, verificación de correo y 2FA";"Solicitar recuperación más de tres veces para la misma identidad en 15 minutos.";"429 y Retry-After; no inundar el buzón.";"Pendiente";"";"";"";"";"";"";""
"SEG03";"P0";"Recuperación, verificación de correo y 2FA";"Abrir recuperación válida, usada, alterada y vencida (>60 min).";"Solo la válida cambia contraseña; las demás fallan sin modificar cuenta.";"Pendiente";"";"";"";"";"";"";""
"SEG04";"P0";"Recuperación, verificación de correo y 2FA";"Enviar simultáneamente dos restablecimientos con el mismo token.";"Un único consumo y una única contraseña final; segundo intento rechazado.";"Pendiente";"";"";"";"";"";"";""
"SEG05";"P0";"Recuperación, verificación de correo y 2FA";"Cambiar contraseña con la actual incorrecta, nueva corta/excesiva o igual a la actual.";"Rechazar sin cambios; conservar sesión hasta un cambio válido.";"Pendiente";"";"";"";"";"";"";""
"SEG06";"P0";"Recuperación, verificación de correo y 2FA";"Solicitar verificación sin sesión o usando el userId de B desde A.";"401 o 403; no generar ni enviar desafío para otra cuenta.";"Pendiente";"";"";"";"";"";"";""
"SEG07";"P0";"Recuperación, verificación de correo y 2FA";"Verificar con código/token vacío, inventado, usado, vencido o acompañado de un userId ajeno.";"No verificar una cuenta por conocer su ID. Un enlace válido identifica al dueño del token; un código exige la sesión del dueño.";"Pendiente";"";"";"";"";"";"";""
"SEG08";"P0";"Recuperación, verificación de correo y 2FA";"Abrir enlace real de correo sin sesión y sin userId en la URL.";"Verificar únicamente al dueño; actualizar su usuario al correo probado; ir a /auth/login.";"Pendiente";"";"";"";"";"";"";""
"SEG09";"P0";"Recuperación, verificación de correo y 2FA";"Cambiar email directamente por /api/user/username, /api/user/update, /api/profile/update o edición admin.";"No convertir un correo nuevo no verificado en identidad verificada.";"Pendiente";"";"";"";"";"";"";""
"SEG10";"P0";"Recuperación, verificación de correo y 2FA";"Reenviar verificación y usar el desafío anterior.";"El anterior deja de funcionar; máximo 3 envíos y 8 verificaciones de código por 15 minutos.";"Pendiente";"";"";"";"";"";"";""
"SEG11";"P0";"Recuperación, verificación de correo y 2FA";"Iniciar alta 2FA, escanear QR y confirmar OTP válido dentro de 10 minutos.";"Activar solo el secreto emitido para esa sesión; cerrar sesión y requerir nuevo login con OTP.";"Pendiente";"";"";"";"";"";"";""
"SEG12";"P0";"Recuperación, verificación de correo y 2FA";"Confirmar 2FA sin iniciar alta, cambiar secreto enviado, copiar cookie de otra cuenta o usar alta vencida.";"Rechazar sin modificar el factor. Cookie de alta HttpOnly, SameSite=Strict, Secure en HTTPS.";"Pendiente";"";"";"";"";"";"";""
"SEG13";"P0";"Recuperación, verificación de correo y 2FA";"Volver a iniciar/confirmar 2FA cuando ya estaba activo.";"Conflicto 409; no sobrescribir el factor existente.";"Pendiente";"";"";"";"";"";"";""
"SEG14";"P1";"Recuperación, verificación de correo y 2FA";"SMTP caído y conexión lenta al enviar código/recuperación.";"Mensaje de fallo, no de email enviado; no exponer credenciales SMTP. Probar entrega real en buzón de pruebas.";"Pendiente";"";"";"";"";"";"";""
"CLI01";"P1";"Clientes y perfil administrativo";"Buscar por nombre, teléfono y DNI; limpiar filtro; cambiar página.";"Resultado correcto, acentos manejados de forma consistente; no confundir ID de usuario con ID de perfil.";"Pendiente";"";"";"";"";"";"";""
"CLI02";"P0";"Clientes y perfil administrativo";"Crear cliente válido con contraseña vacía y con contraseña personalizada.";"Generar contraseña aleatoria o respetar la válida; perfil ligado al usuario correcto. Respuesta privada sin caché.";"Pendiente";"";"";"";"";"";"";""
"CLI03";"P1";"Clientes y perfil administrativo";"Crear/editar DNI que no tenga 8 dígitos y teléfonos PE con/sin +51.";"Rechazar inválidos; normalizar sin crear duplicados ni buscar otra persona accidentalmente.";"Pendiente";"";"";"";"";"";"";""
"CLI04";"P1";"Clientes y perfil administrativo";"Editar nombre, contacto, emergencia, dirección, plan y fechas; guardar y recargar.";"Persistir usuario/perfil de forma coherente; tarjetas y búsquedas reflejan los cambios.";"Pendiente";"";"";"";"";"";"";""
"CLI05";"P0";"Clientes y perfil administrativo";"Fecha inexistente, inicio posterior al final, deuda negativa y plan vacío.";"Rechazar con validación, sin registros inconsistentes ni error genérico por dato inválido.";"Pendiente";"";"";"";"";"";"";""
"CLI06";"P0";"Clientes y perfil administrativo";"Renovar membresía vencida, que termina hoy y vigente; usar promoción.";"Aplicar duración acordada sin restar días; fecha final coherente en perfil, panel y check-in. B04: validar fuentes de membresía distintas.";"Pendiente";"";"";"";"";"";"";""
"CLI07";"P0";"Clientes y perfil administrativo";"Solicitar credenciales de cliente sin correo verificado.";"Generar contraseña temporal solo para ese cliente; revocar sesiones anteriores; no enviarla automáticamente.";"Pendiente";"";"";"";"";"";"";""
"CLI08";"P0";"Clientes y perfil administrativo";"Solicitar credenciales de cliente con correo verificado.";"Mantener contraseña; indicar recuperación por email y mostrar email enmascarado.";"Pendiente";"";"";"";"";"";"";""
"CLI09";"P0";"Clientes y perfil administrativo";"Abrir detalle/editar/listar perfil; inspeccionar JSON y consola.";"No devolver password/hash, otpCode, twoFASecret, tokens de recuperación ni plantilla biométrica.";"Pendiente";"";"";"";"";"";"";""
"CLI10";"P1";"Clientes y perfil administrativo";"Cambiar foto; archivo inválido; cancelar; repetir.";"Solo imagen aceptada modifica avatar; fallo/cancelación conserva foto anterior.";"Pendiente";"";"";"";"";"";"";""
"CLI11";"P0";"Clientes y perfil administrativo";"Borrar cliente con ventas, pagos, deuda, huellas y asignaciones; primero cancelar, luego confirmar en datos de pruebas.";"Cancelar no cambia nada. Si existen registros financieros: 409 y conservar cliente e historial; no eliminar pagos, compras ni deudas.";"Pendiente";"";"";"";"";"";"";""
"CLI12";"P0";"Clientes y perfil administrativo";"Crear cliente sin fecha final; probar entrada. Asignar membresía vigente y repetir.";"Sin fecha final válida: rechazar con membership_required sin asistencia. Con membresía vigente: permitir según horario y límites. Permitir salida de una entrada abierta. Regla confirmada el 6 de octubre de 2026.";"Pendiente";"";"";"";"";"";"";""
"ASI01";"P0";"Entrada, salida y pantalla de recepción";"Abrir recepción/display e invocar check-in/historial/streams sin sesión y como cliente.";"Anónimo va al login y API 401; cliente no tiene acceso administrativo/API 403.";"Pendiente";"";"";"";"";"";"";""
"ASI02";"P0";"Entrada, salida y pantalla de recepción";"Entrada con DNI de 8 dígitos, teléfono de 9 dígitos/+51 y huella de un cliente vigente.";"Registrar al mismo cliente; canal correcto; mostrar nombre, plan, vencimiento, deuda y confirmación.";"Pendiente";"";"";"";"";"";"";""
"ASI03";"P1";"Entrada, salida y pantalla de recepción";"Identificador incompleto, inexistente y ambiguo por duplicados.";"No registrar a una persona equivocada; mensaje de inválido/no encontrado. Resolver duplicados antes de operar.";"Pendiente";"";"";"";"";"";"";""
"ASI04";"P0";"Entrada, salida y pantalla de recepción";"Entrada con membresía vencida ayer y que termina hoy.";"Ayer: 400 membership_expired sin entrada. Hoy: activa hasta fin del día Lima, daysLeft=0.";"Pendiente";"";"";"";"";"";"";""
"ASI05";"P0";"Entrada, salida y pantalla de recepción";"Lunes-viernes 05:59/06:00/20:59/21:00; sábado 19:59/20:00; domingo.";"Apertura 06:00, cierre 21:00 entre semana/20:00 sábado, domingo cerrado; fuera de horario no crear entrada.";"Pendiente";"";"";"";"";"";"";""
"ASI06";"P0";"Entrada, salida y pantalla de recepción";"Repetir huella/DNI dentro de 60 s; volver a entrar después de 60 s sin haber salido.";"Mensaje «registro ya tomado»/«entrada ya abierta»; ningún registro extra ni evento extra.";"Pendiente";"";"";"";"";"";"";""
"ASI07";"P0";"Entrada, salida y pantalla de recepción";"Entrada→salida→segunda entrada→salida→tercera entrada en un día Lima.";"Dos entradas admitidas, tercera rechazada con limit_reached.";"Pendiente";"";"";"";"";"";"";""
"ASI08";"P0";"Entrada, salida y pantalla de recepción";"Entrada simultánea desde dos pestañas/equipos para el mismo cliente.";"Una sola asistencia abierta; segundo resultado indica repetición. Verificar PostgreSQL real y contador diario.";"Pendiente";"";"";"";"";"";"";""
"ASI09";"P0";"Entrada, salida y pantalla de recepción";"Salida con entrada abierta; salida sin entrada abierta.";"Cerrar solo la abierta y calcular minutos; sin abierta: 400 no_open_attendance. Nunca crear entrada al pedir salida.";"Pendiente";"";"";"";"";"";"";""
"ASI10";"P0";"Entrada, salida y pantalla de recepción";"Salida después del cierre o tras vencer la membresía.";"Permitir cerrar una entrada existente; no bloquear salida por horario o deuda.";"Pendiente";"";"";"";"";"";"";""
"ASI11";"P1";"Entrada, salida y pantalla de recepción";"Dejar entrada abierta 179/180/181 min y refrescar/registrar otra acción.";"Autocierre según política de 180 min; duración/historial correctos. Comprobar cuándo se dispara, no asumir un cron que no existe.";"Pendiente";"";"";"";"";"";"";""
"ASI12";"P0";"Entrada, salida y pantalla de recepción";"Registros cerca de medianoche Lima con servidor configurado en otra zona.";"Historial, límite y días restantes usan fecha Lima; no trasladar asistencia al día UTC siguiente.";"Pendiente";"";"";"";"";"";"";""
"ASI13";"P1";"Entrada, salida y pantalla de recepción";"Entrada con deuda mensual/diaria y sin deuda.";"Mostrar total correcto; la deuda por sí sola no modifica la política de vencimiento. No divulgar deuda a visitantes.";"Pendiente";"";"";"";"";"";"";""
"ASI14";"P1";"Entrada, salida y pantalla de recepción";"Abrir display, marcar en recepción, desconectar/reconectar y recargar ambos.";"Evento una vez, historial recuperable del servidor; no depender de localStorage. Probar misma sala.";"Pendiente";"";"";"";"";"";"";""
"ASI15";"P0";"Entrada, salida y pantalla de recepción";"Mantener stream abierto y revocar contraseña/rol/cuenta.";"Dejar de recibir datos; la revalidación se produce con eventos/heartbeat de 15 s. Probar cierre real de conexión.";"Pendiente";"";"";"";"";"";"";""
"ASI16";"P0";"Entrada, salida y pantalla de recepción";"Dos procesos de aplicación: marcar en uno y mostrar en otro.";"El display debe recibir eventos o tener recuperación equivalente. B09: los gestores actuales son locales al proceso.";"Pendiente";"";"";"";"";"";"";""
"ASI17";"P1";"Entrada, salida y pantalla de recepción";"Editar/borrar asistencia como admin; cliente intenta la misma petición.";"Respetar permisos y persona seleccionada; actualización de duración/reportes coherente. Registrar quién hizo una corrección si el negocio lo exige.";"Pendiente";"";"";"";"";"";"";""
"BIO01";"P0";"Huellas y servicio biométrico real";"Consultar status/ping/capture/identify/active-target sin admin.";"401/403; no revelar usuario activo, disponibilidad o plantilla ni activar lector.";"Pendiente";"";"";"";"";"";"";""
"BIO02";"P1";"Huellas y servicio biométrico real";"Iniciar captura del cliente A y completar las muestras requeridas con el mismo dedo.";"Progreso claro; guardar una huella vinculada a A y confirmar únicamente al terminar.";"Pendiente";"";"";"";"";"";"";""
"BIO03";"P0";"Huellas y servicio biométrico real";"Cambiar dedo, usar huella registrada de B, cancelar o cambiar cliente durante captura.";"No asociar a A una identidad incorrecta; limpiar objetivo activo; cancelar no crea huella parcial.";"Pendiente";"";"";"";"";"";"";""
"BIO04";"P1";"Huellas y servicio biométrico real";"Desconectar lector/servicio antes y durante captura.";"Fallo claro, timeout acotado; detener indicador de carga y permitir reintento sin duplicar.";"Pendiente";"";"";"";"";"";"";""
"BIO05";"P0";"Huellas y servicio biométrico real";"Identificar dedo desconocido, plantilla inválida o dato excesivamente grande.";"Rechazar sin check-in; nunca aceptar un userId de proveedor sin verificarlo.";"Pendiente";"";"";"";"";"";"";""
"BIO06";"P1";"Huellas y servicio biométrico real";"Borrar huella y volver a identificarla/registrarla.";"Ya no identifica al cliente borrado; recolección nueva posible; repetición del borrado no rompe la interfaz.";"Pendiente";"";"";"";"";"";"";""
"BIO07";"P0";"Huellas y servicio biométrico real";"Probar identificación de A y B repetida, con diferentes orientaciones, lector real.";"Sin confundir personas; medir rechazo/falsa aceptación según criterios del lector. Estas pruebas no se sustituyen con mocks.";"Pendiente";"";"";"";"";"";"";""
"BIO08";"P0";"Huellas y servicio biométrico real";"Intentar conectar al puerto 8001 desde otro equipo.";"Servicio local no expuesto a la red; revisar binding real, CORS y ausencia de proxy público. B07.";"Pendiente";"";"";"";"";"";"";""
"BIO09";"P0";"Huellas y servicio biométrico real";"Revisar Network, logs, almacenamiento y exportaciones.";"No imprimir ni exportar plantillas biométricas; definir autorización, retención y borrado antes de recoger huellas reales.";"Pendiente";"";"";"";"";"";"";""
"INV01";"P1";"Inventario y archivos";"Crear producto válido y editar nombre/descripción/precio/descuento/stock/imagen.";"Persistir todos los campos; reflejar precio descontado y visibilidad en las pantallas correspondientes.";"Pendiente";"";"";"";"";"";"";""
"INV02";"P0";"Inventario y archivos";"Precio/stock negativos; stock 1.5; descuento -1/101; texto «10abc»; Infinity/NaN; nombre vacío.";"Rechazar 400 sin cambios. No convertir «10abc» en 10 ni truncar cantidades fraccionarias.";"Pendiente";"";"";"";"";"";"";""
"INV03";"P1";"Inventario y archivos";"Precio cero, descuento cero/100%, stock cero y máximo admitido.";"Comportamiento explícito y consistente; no habilitar un cobro de importe cero que la pasarela no soporta.";"Pendiente";"";"";"";"";"";"";""
"INV04";"P0";"Inventario y archivos";"Marcar producto exclusivo del gimnasio y consultar como anónimo/cliente.";"No aparece en catálogo público ni puede comprarse por Culqi. /api/products/gym requiere admin.";"Pendiente";"";"";"";"";"";"";""
"INV05";"P0";"Inventario y archivos";"Cliente invoca POST directo de /api/products/public.";"403: no debe registrar compra ni descontar stock saltándose el pago.";"Pendiente";"";"";"";"";"";"";""
"INV06";"P1";"Inventario y archivos";"Borrar producto nuevo y otro con compras asociadas.";"Cancelar no borra; confirmación clara; conservar coherencia de ventas y resolver referencias sin error inesperado.";"Pendiente";"";"";"";"";"";"";""
"INV07";"P0";"Inventario y archivos";"Subir JPEG/PNG/WebP válido al avatar, galería, producto y carga general.";"Validar MIME/extensión/tamaño y contenido; recodificar imágenes; nueva URL usable.";"Pendiente";"";"";"";"";"";"";""
"INV08";"P0";"Inventario y archivos";"Archivo vacío/>5 MiB/texto o SVG renombrado .jpg; multipart con file de tipo texto.";"400 sin guardar contenido ejecutable. Verificar también edición de galería, no solo creación.";"Pendiente";"";"";"";"";"";"";""
"INV09";"P1";"Inventario y archivos";"Imagen muy grande en píxeles o corrupta; extensión doble; nombre con ../.";"Rechazar contenido inválido y normalizar clave; no salir del prefijo permitido. Límite de decodificación: 40 millones de píxeles.";"Pendiente";"";"";"";"";"";"";""
"INV10";"P0";"Inventario y archivos";"PDF con cabecera falsa y PDF real en carga general.";"Se comprueba cabecera %PDF-, no análisis antimalware. Definir uso/descarga segura; no declarar PDF limpio por aceptar la cabecera.";"Pendiente";"";"";"";"";"";"";""
"INV11";"P0";"Inventario y archivos";"Subir media mediante URL firmada de ejercicios, tamaños excesivos y MIME/extensión distintos.";"Debe existir política de tamaño/contenido del objeto. B10: este flujo directo a S3 no pasa por recodificación ni límite general de 5 MiB.";"Pendiente";"";"";"";"";"";"";""
"INV12";"P1";"Inventario y archivos";"S3 sin configuración, permiso denegado o fallo después de subir.";"Error claro; no sustituir URL existente por una inexistente; revisar archivos huérfanos sin borrar producción a ciegas.";"Pendiente";"";"";"";"";"";"";""
"VEN01";"P1";"Tienda, Culqi y caja";"Añadir/quitar productos, aumentar/reducir cantidades y vaciar carrito.";"Subtotal y total correctos; cantidades enteras positivas; carrito vacío no abre pago.";"Pendiente";"";"";"";"";"";"";""
"VEN02";"P0";"Tienda, Culqi y caja";"Comprar 2 unidades de S/10 con descuento 10%; mandar total falso desde Network.";"Servidor calcula S/18.00; ignora total del navegador; stock baja 2 y compra corresponde al cliente de sesión.";"Pendiente";"";"";"";"";"";"";""
"VEN03";"P0";"Tienda, Culqi y caja";"Enviar el mismo producto en varias líneas.";"Agrupar cantidades antes de validar stock y calcular; no evadir disponibilidad ni descuento.";"Pendiente";"";"";"";"";"";"";""
"VEN04";"P0";"Tienda, Culqi y caja";"Comprar más del stock; dos compradores disputan las últimas unidades.";"Sin stock negativo; conflicto claro, sin cobro si no se pudo reservar. Comprobar transacción real.";"Pendiente";"";"";"";"";"";"";""
"VEN05";"P0";"Tienda, Culqi y caja";"Cliente A manda customerId de B o producto exclusivo.";"No atribuir compra a B ni vender producto restringido.";"Pendiente";"";"";"";"";"";"";""
"VEN06";"P0";"Tienda, Culqi y caja";"Culqi aprueba en sandbox.";"Un cargo, pago COMPLETED con referencia, compras por línea y descuento exacto de stock; vaciar carrito solo al confirmar.";"Pendiente";"";"";"";"";"";"";""
"VEN07";"P0";"Tienda, Culqi y caja";"Culqi rechaza explícitamente tarjeta; usuario cierra/cancela checkout.";"No compra completada; reserva liberada cuando corresponda; mensaje claro. Cancelar antes de enviar no genera cobro.";"Pendiente";"";"";"";"";"";"";""
"VEN08";"P0";"Tienda, Culqi y caja";"Culqi acepta pero la respuesta se pierde/timeout; servidor se reinicia.";"Mantener estado incierto y conciliar por referencia; no marcar rechazo confirmado ni cobrar otra vez. B02: comportamiento actual insuficiente.";"Pendiente";"";"";"";"";"";"";""
"VEN09";"P0";"Tienda, Culqi y caja";"Repetir petición de pago y dos clics simultáneos.";"Idempotencia persistente: una compra/cargo por intento lógico. B02: no hay garantía implementada.";"Pendiente";"";"";"";"";"";"";""
"VEN10";"P0";"Tienda, Culqi y caja";"Culqi cobra y falla la transacción posterior de base de datos.";"Mostrar «pendiente de confirmación», guardar trazabilidad y permitir conciliación; no invitar a pagar de nuevo. B02.";"Pendiente";"";"";"";"";"";"";""
"VEN11";"P0";"Tienda, Culqi y caja";"Registrar venta de caja con cliente, productos repetidos y forma de pago.";"Importe del servidor, stock transaccional, pago/compra asociados y visibles en caja del día Lima.";"Pendiente";"";"";"";"";"";"";""
"VEN12";"P1";"Tienda, Culqi y caja";"Enviar fila inválida/cantidad fraccionaria/>50 líneas en venta admin.";"Rechazar la venta completa, no ignorar silenciosamente filas inválidas.";"Pendiente";"";"";"";"";"";"";""
"VEN13";"P0";"Tienda, Culqi y caja";"Registrar venta antes/después de medianoche Lima; comparar caja y reportes.";"Importes y fechas consistentes; pagos PENDING/FAILED no cuentan como ingresos cobrados. Revisar diferencias entre endpoints heredados.";"Pendiente";"";"";"";"";"";"";""
"VEN14";"P0";"Tienda, Culqi y caja";"Revisar logs de checkout, error de Culqi y consola del navegador.";"Sin token de tarjeta, clave privada, datos sensibles de pago o autorización HTTP.";"Pendiente";"";"";"";"";"";"";""
"CAJ01";"P0";"Caja completa y catálogo compartido";"Abrir caja con fondo S/100; repetir el mismo intento y pedir otra apertura.";"Misma intención recupera el turno; segunda apertura distinta: 409. Solo un turno abierto.";"Pendiente";"";"";"";"";"";"";""
"CAJ02";"P0";"Caja completa y catálogo compartido";"Intentar vender, retirar o cobrar sin turno abierto.";"Rechazar 409 sin modificar venta, cobro, deuda ni stock.";"Pendiente";"";"";"";"";"";"";""
"CAJ03";"P1";"Caja completa y catálogo compartido";"Crear producto sin imagen, con SKU/categoría; buscarlo en inventario, caja y recepción.";"Un registro en InventoryItem; misma identidad, precio y stock en todas las pantallas. Imagen opcional con fallback.";"Pendiente";"";"";"";"";"";"";""
"CAJ04";"P0";"Caja completa y catálogo compartido";"Crear un servicio de S/20, desmarcar Controlar stock y dejar stock cero.";"Se puede vender repetidamente; no reduce stock ni necesita aumentar existencias ficticias.";"Pendiente";"";"";"";"";"";"";""
"CAJ05";"P1";"Caja completa y catálogo compartido";"Buscar por nombre/SKU, filtrar categoría, no encontrar resultados y actualizar.";"Filtrado claro, vacío explícito; no aparecer productos de listas fijas o categorías deducidas del nombre.";"Pendiente";"";"";"";"";"";"";""
"CAJ06";"P0";"Caja completa y catálogo compartido";"Añadir producto agotado; pedir más unidades del stock y cantidades inválidas.";"Botón agotado deshabilitado; servidor rechaza exceso/fracción/negativo sin escrituras parciales.";"Pendiente";"";"";"";"";"";"";""
"CAJ07";"P1";"Caja completa y catálogo compartido";"Añadir/quitar líneas, cambiar cantidades y vaciar antes de confirmar.";"Total estimado actualizado; no crea ventas mientras solo se edita el carrito.";"Pendiente";"";"";"";"";"";"";""
"CAJ08";"P0";"Caja completa y catálogo compartido";"Revisar venta; cambiar precio/stock desde otra sesión antes de confirmarla.";"Precio distinto: 409 y revisar otra vez. Stock insuficiente: 409. Nunca aceptar el total antiguo silenciosamente.";"Pendiente";"";"";"";"";"";"";""
"CAJ09";"P0";"Caja completa y catálogo compartido";"Producto S/9.99 con 15% de descuento, cantidad 2 y descuento adicional 10%.";"Precio unitario S/8.49, subtotal S/16.98, total S/15.28; motivo obligatorio del descuento adicional.";"Pendiente";"";"";"";"";"";"";""
"CAJ10";"P0";"Caja completa y catálogo compartido";"Registrar venta anónima de S/10, recibido S/20, aplicado S/10 en efectivo.";"Ticket S/10, pago S/10, vuelto S/10; efectivo esperado aumenta S/10.";"Pendiente";"";"";"";"";"";"";""
"CAJ11";"P0";"Caja completa y catálogo compartido";"Dividir S/10 en S/2 efectivo, S/3 Yape y S/5 tarjeta; recibido S/5.";"Pagada, vuelto S/3; efectivo físico aumenta S/2; desglose conserva cada medio y referencia.";"Pendiente";"";"";"";"";"";"";""
"CAJ12";"P0";"Caja completa y catálogo compartido";"Registrar Yape/Plin/transferencia sin verificar el proveedor.";"No confundir el registro manual con aprobación bancaria. El cajero verifica la transacción antes de confirmarla.";"Pendiente";"";"";"";"";"";"";""
"CAJ13";"P0";"Caja completa y catálogo compartido";"Pago mayor al total, efectivo insuficiente o recibido sin pago en efectivo.";"400 y explicar el problema; no registrar sobrepago/vuelto ficticio.";"Pendiente";"";"";"";"";"";"";""
"CAJ14";"P0";"Caja completa y catálogo compartido";"Habilitar crédito sin cliente y con cliente A.";"Sin perfil: 400. Con A: venta y deuda vinculadas, pago parcial separado del saldo. No atribuir a B.";"Pendiente";"";"";"";"";"";"";""
"CAJ15";"P0";"Caja completa y catálogo compartido";"Doble clic/Enter y dos peticiones con la misma Idempotency-Key; cambiar el contenido con esa clave.";"Un ticket y una reducción de stock; replay recupera resultado. Contenido distinto: 409.";"Pendiente";"";"";"";"";"";"";""
"CAJ16";"P0";"Caja completa y catálogo compartido";"Perder respuesta después de confirmar; consultar en la misma pantalla y tras recargar la pestaña.";"Mantener intención pendiente, bloquear otra venta y consultar/reintentar con la misma clave. Recuperar el ticket y vaciar el carrito confirmado; no volver a cobrar.";"Pendiente";"";"";"";"";"";"";""
"CAJ17";"P0";"Caja completa y catálogo compartido";"Dos cajeros compran la última unidad con intenciones diferentes.";"Una venta; segundo conflicto. Stock nunca negativo, cobro registrado solo para la venta aceptada.";"Pendiente";"";"";"";"";"";"";""
"CAJ18";"P0";"Caja completa y catálogo compartido";"Recepción agrega producto a crédito; agotar última unidad y repetir el intento.";"Mismo catálogo/precio; un crédito/compra, stock reducido una vez. Replay confirma incluso si ya está agotado.";"Pendiente";"";"";"";"";"";"";""
"CAJ19";"P0";"Caja completa y catálogo compartido";"Cobrar parte del saldo y luego todo; reenviar cada cobro.";"Reducir deuda por importes efectivamente cobrados. Al completar, archivar deuda y conservar ticket/cobros. Sin duplicación.";"Pendiente";"";"";"";"";"";"";""
"CAJ20";"P0";"Caja completa y catálogo compartido";"Intentar cobrar saldo cero/anulado y cobrar más que el saldo.";"409 para saldo no cobrable; 400 para exceso. Sin cobros extras.";"Pendiente";"";"";"";"";"";"";""
"CAJ21";"P0";"Caja completa y catálogo compartido";"Cerrar turno con créditos; abrir otro y cobrar una deuda del anterior.";"Cierre conserva crédito. Nuevo cobro entra en el turno actual; historia de la venta original se conserva.";"Pendiente";"";"";"";"";"";"";""
"CAJ22";"P0";"Caja completa y catálogo compartido";"Ingreso S/20 con motivo; retiro S/10; retiro mayor al efectivo esperado.";"Movimientos firmados +20/−10; motivo obligatorio; retiro excesivo 409 sin saldo negativo.";"Pendiente";"";"";"";"";"";"";""
"CAJ23";"P0";"Caja completa y catálogo compartido";"Cerrar contando exactamente el esperado y contando una diferencia.";"Guarda esperado, contado y diferencia. Diferencia exige explicación y queda visible en historial.";"Pendiente";"";"";"";"";"";"";""
"CAJ24";"P0";"Caja completa y catálogo compartido";"Otra pestaña vende/mueve dinero mientras se cierra la caja.";"Operaciones serializadas; ninguna escritura puede quedar asignada después del cierre confirmado.";"Pendiente";"";"";"";"";"";"";""
"CAJ25";"P0";"Caja completa y catálogo compartido";"Anular venta con contraseña errónea, sin motivo o sin reautenticación.";"401/400/428 según causa, sin devolución ni restauración de stock.";"Pendiente";"";"";"";"";"";"";""
"CAJ26";"P0";"Caja completa y catálogo compartido";"Anular venta cobrada; repetir con la misma clave y con otra nueva.";"Un retorno de stock/caja, pagos reversados, ticket conservado. Replay devuelve resultado; nueva anulación: 409.";"Pendiente";"";"";"";"";"";"";""
"CAJ27";"P0";"Caja completa y catálogo compartido";"Anular venta del turno cerrado o cuya devolución exige más efectivo disponible.";"409; requiere resolución auditada fuera de esta anulación simple, sin alterar el turno cerrado.";"Pendiente";"";"";"";"";"";"";""
"CAJ28";"P1";"Caja completa y catálogo compartido";"Abrir ticket, imprimir, cerrar; filtrar fecha Lima/estado/cliente.";"Datos históricos de la venta, importes/medios/saldo correctos; impresión interna legible. Sin prometer factura tributaria.";"Pendiente";"";"";"";"";"";"";""
"CAJ29";"P0";"Caja completa y catálogo compartido";"Exportar CSV con nombre de cliente que empieza por signo igual o arroba.";"Escapar texto como celda; no ejecutar fórmulas. Exportar solo resultados visibles y avisar límites de consulta.";"Pendiente";"";"";"";"";"";"";""
"CAJ30";"P0";"Caja completa y catálogo compartido";"Anular una venta y comparar caja, dashboard e ingresos.";"Venta anulada excluida de ventas; pagos reversados excluidos de ingresos. No sumar venta y pago dos veces.";"Pendiente";"";"";"";"";"";"";""
"CAJ31";"P1";"Caja completa y catálogo compartido";"Probar caja a 1440×900, 390×844 y 844×390; teclado, Tab y Escape.";"Controles accesibles y utilizables, sin scroll horizontal de página; tabla puede desplazar dentro de su contenedor.";"Pendiente";"";"";"";"";"";"";""
"CAJ32";"P0";"Caja completa y catálogo compartido";"Borrar producto/cliente con ventas, cobros o deudas.";"Rechazar borrado que destruiría trazabilidad; conservar referencias e historial.";"Pendiente";"";"";"";"";"";"";""
"CAJ33";"P0";"Caja completa y catálogo compartido";"Abrir editor de inventario, realizar una venta desde otra pestaña y guardar el editor antiguo.";"409 por versión desactualizada; conservar el stock de la venta. Refrescar y revisar valores antes de volver a editar.";"Pendiente";"";"";"";"";"";"";""
"LOC01";"P0";"Caja completa y catálogo compartido";"Ejecutar db:local:inspect y consultar API de entorno autenticada.";"Base wolfgym, loopback y puerto local confirmados; no conectarse a la URL remota de .env.";"Pendiente";"";"";"";"";"";"";""
"LOC02";"P0";"Caja completa y catálogo compartido";"Cambiar la URL del lanzador local a un host remoto en una copia de configuración.";"Rechazar antes de abrir Next/seed/migración; no hacer consulta ni escritura remota.";"Pendiente";"";"";"";"";"";"";""
"LOC03";"P0";"Caja completa y catálogo compartido";"Probar login admin/cliente, correo y recuperación con cuentas audit.";"Sesiones reales; correo en bandeja local. Culqi/S3 bloqueados; ningún envío o cargo externo.";"Pendiente";"";"";"";"";"";"";""
"LOC04";"P0";"Caja completa y catálogo compartido";"Activar 2FA o cambiar rol/contraseña; restaurar estado anterior de credenciales.";"securityVersion aumenta; JWT antiguo continúa inválido. No reactivar una sesión vieja al volver al estado previo.";"Pendiente";"";"";"";"";"";"";""
"DEU01";"P1";"Deudas e historial financiero (conservación)";"Crear crédito de recepción por producto del catálogo con cantidad 2.";"Precio de PostgreSQL; venta, stock y deuda vinculados; suma diaria y total visibles.";"Pendiente";"";"";"";"";"";"";""
"DEU02";"P0";"Deudas e historial financiero (conservación)";"Enviar productos/precios fijos antiguos, nombre/monto arbitrarios o cantidad 0/-1/1.5.";"400 sin deuda. Registrar productos/servicios primero en el inventario central.";"Pendiente";"";"";"";"";"";"";""
"DEU03";"P0";"Deudas e historial financiero (conservación)";"Enviar perfil inexistente/ID de usuario donde se pide perfil.";"404; no crear deuda huérfana.";"Pendiente";"";"";"";"";"";"";""
"DEU04";"P0";"Deudas e historial financiero (conservación)";"Cliente intenta crear/borrar/limpiar deudas por API.";"403, sin alterar sus deudas ni las ajenas.";"Pendiente";"";"";"";"";"";"";""
"DEU05";"P0";"Deudas e historial financiero (conservación)";"Invocar DELETE de deuda y luego cobrar o anular desde caja.";"DELETE 409. Cobro/anulación explícitos y transaccionales; historial conservado.";"Pendiente";"";"";"";"";"";"";""
"DEU06";"P0";"Deudas e historial financiero (conservación)";"Invocar limpieza diaria con deuda impaga y cabecera x-internal-call verdadera.";"Anónimo 401, cliente 403, admin 409; conteos y saldos idénticos.";"Pendiente";"";"";"";"";"";"";""
"DEU07";"P0";"Deudas e historial financiero (conservación)";"Invocar limpieza semanal con historial de 6/7/8 días.";"409 autenticado; conservar todo el historial financiero.";"Pendiente";"";"";"";"";"";"";""
"DEU08";"P0";"Deudas e historial financiero (conservación)";"Interrumpir cobro/anulación entre operaciones y reintentar.";"Transacción completa o rollback; intención persistente evita duplicación.";"Pendiente";"";"";"";"";"";"";""
"REP01";"P1";"Dashboard, asistencia y reportes/exportación";"Abrir dashboards con dataset conocido y sin registros.";"Totales verificables; vacío legítimo distinto de error de consulta.";"Pendiente";"";"";"";"";"";"";""
"REP02";"P0";"Dashboard, asistencia y reportes/exportación";"Comparar ingreso con pagos completados, ventas y deudas.";"No sumar dos veces venta+pago ni considerar deuda como efectivo cobrado; estados pendientes/fallidos excluidos.";"Pendiente";"";"";"";"";"";"";""
"REP03";"P1";"Dashboard, asistencia y reportes/exportación";"Filtrar fecha/mes y revisar cerca de fin de mes/año Lima.";"Límites coherentes; ninguna omisión/duplicación por zona del servidor. B04: revisar endpoints heredados.";"Pendiente";"";"";"";"";"";"";""
"REP04";"P1";"Dashboard, asistencia y reportes/exportación";"Reporte con plan faltante, fechas invertidas, stock/precio inválido o teléfonos repetidos.";"Informar inconsistencia sin alterar silenciosamente la base.";"Pendiente";"";"";"";"";"";"";""
"REP05";"P0";"Dashboard, asistencia y reportes/exportación";"Exportar Excel y JSON con datos conocidos.";"Abrir archivos, revisar todas las hojas/campos, fechas, importes, conteos y caracteres; exportar exactamente el reporte autorizado.";"Pendiente";"";"";"";"";"";"";""
"REP06";"P0";"Dashboard, asistencia y reportes/exportación";"Nombre/descripción de prueba empieza con =, +, - o @ y se exporta.";"Excel trata contenido de usuario como texto; no ejecutar fórmulas originadas en ese contenido.";"Pendiente";"";"";"";"";"";"";""
"REP07";"P1";"Dashboard, asistencia y reportes/exportación";"Exportar mientras carga/sin datos/falla generación; doble clic.";"Botón deshabilitado mientras genera; error visible; archivo no corrupto ni descarga duplicada.";"Pendiente";"";"";"";"";"";"";""
"REP08";"P0";"Dashboard, asistencia y reportes/exportación";"Cliente/anónimo intenta reportes, exportaciones y métricas por API.";"Rechazar; no descargar información de otros clientes.";"Pendiente";"";"";"";"";"";"";""
"RUT01";"P1";"Rutinas, ejercicios y entrenamientos";"Crear/editar ejercicio con instrucciones, músculos, nivel y equipo.";"Persistir y buscarlo; validar obligatorios y mostrar instrucciones como texto.";"Pendiente";"";"";"";"";"";"";""
"RUT02";"P0";"Rutinas, ejercicios y entrenamientos";"Publicar/despublicar y abrir como cliente por API.";"Cliente solo ve recursos permitidos; borradores no se descubren cambiando el ID.";"Pendiente";"";"";"";"";"";"";""
"RUT03";"P1";"Rutinas, ejercicios y entrenamientos";"Añadir imagen/video, ordenar y cambiar portada; borrar media.";"Orden/portada coherentes tras recarga; DELETE exitoso devuelve 204 sin cuerpo. Archivo de S3 puede requerir limpieza independiente B10.";"Pendiente";"";"";"";"";"";"";""
"RUT04";"P1";"Rutinas, ejercicios y entrenamientos";"Crear rutina/programa y añadir/quitar/reordenar ejercicios, series, repeticiones, descanso y carga.";"Guardar cada cambio en orden correcto; valores inválidos rechazados; cancelar no modifica plantilla.";"Pendiente";"";"";"";"";"";"";""
"RUT05";"P0";"Rutinas, ejercicios y entrenamientos";"Asignar programa/rutina a A por días; consultar A y B.";"Solo A obtiene su asignación; acceso directo de B rechazado; el admin ve la asignación correcta.";"Pendiente";"";"";"";"";"";"";""
"RUT06";"P0";"Rutinas, ejercicios y entrenamientos";"Cliente sin membresía/vencida inicia entrenamiento por pantalla y API.";"Misma regla en UI y servidor. B04: las fuentes/horas de vigencia pueden diferir del check-in.";"Pendiente";"";"";"";"";"";"";""
"RUT07";"P1";"Rutinas, ejercicios y entrenamientos";"Iniciar sesión, añadir serie, editar peso/reps, quitar serie y recargar.";"Cada cambio confirmado persiste; no perder series ni duplicarlas por reintento.";"Pendiente";"";"";"";"";"";"";""
"RUT08";"P1";"Rutinas, ejercicios y entrenamientos";"Serie de calentamiento y serie efectiva; peso cero; números negativos/fraccionarios donde no corresponden.";"Cálculo de volumen/series/reps según regla acordada; validación de números; distinguir calentamiento.";"Pendiente";"";"";"";"";"";"";""
"RUT09";"P0";"Rutinas, ejercicios y entrenamientos";"Modificar/completar entrenamiento de B usando ID desde A.";"403/404 sin cambios en registro ajeno. Probar ambas rutas existentes de series.";"Pendiente";"";"";"";"";"";"";""
"RUT10";"P1";"Rutinas, ejercicios y entrenamientos";"Completar entrenamiento dos veces, historial reciente y progreso.";"Una finalización coherente; fechas, duración y totales correctos; no repetir sugerencias/volumen.";"Pendiente";"";"";"";"";"";"";""
"RUT11";"P1";"Rutinas, ejercicios y entrenamientos";"Cambiar rutina asignada mientras existe una sesión en curso.";"Sesión histórica permanece consistente; cambio no reescribe entrenamiento ya realizado.";"Pendiente";"";"";"";"";"";"";""
"NUT01";"P1";"Nutrición";"Crear plan en modo cuantificado, porciones, cualitativo e híbrido.";"Cada modo permite sus unidades/indicaciones; vista cliente coincide con lo guardado.";"Pendiente";"";"";"";"";"";"";""
"NUT02";"P1";"Nutrición";"Cuantificado sin cantidad/unidad, porciones sin cantidad, cualitativo sin indicación visual e híbrido sin ninguna.";"Rechazar publicación inválida con detalle útil; no publicar plan incompleto.";"Pendiente";"";"";"";"";"";"";""
"NUT03";"P1";"Nutrición";"Energía calculada, manual y no controlada (NOT_TRACKED).";"Modos que requieren objetivo lo validan; no controlada no inventa calorías ni exige un objetivo innecesario.";"Pendiente";"";"";"";"";"";"";""
"NUT04";"P1";"Nutrición";"Añadir días/comidas/alimentos/alternativas, cambiar orden y guardar.";"Persistir orden y alternativas; no sumar alternativas como si hubiera que comerlas todas.";"Pendiente";"";"";"";"";"";"";""
"NUT05";"P0";"Nutrición";"Publicar y asignar a A un plan con fechas; abrir como A, B y anónimo.";"Solo A ve su asignación activa; borradores y datos de salud privados.";"Pendiente";"";"";"";"";"";"";""
"NUT06";"P0";"Nutrición";"Registrar peso/alergias/notas sin marcar autorización de datos de salud.";"Rechazar registro de datos que exige autorización; confirmar vínculo con el cliente correcto.";"Pendiente";"";"";"";"";"";"";""
"NUT07";"P1";"Nutrición";"Asignar sin peso/datos opcionales; cantidades negativas; unidad incompatible; día duplicado.";"Opcionales realmente opcionales; inválidos rechazados; no duplicar días/comidas por accidente.";"Pendiente";"";"";"";"";"";"";""
"NUT08";"P1";"Nutrición";"Editar plantilla publicada/versionar y revisar asignación previa.";"No alterar sin aviso el plan ya asignado; verificar versión y fechas vigentes.";"Pendiente";"";"";"";"";"";"";""
"NUT09";"P1";"Nutrición";"Pausar/cambiar/finalizar asignación; navegar días desde cliente.";"Mostrar estado correcto y plan activo esperado; sin plan: mensaje útil, sin datos de otro usuario.";"Pendiente";"";"";"";"";"";"";""
"NUT10";"P1";"Nutrición";"Base sin tablas/migración de nutrición; error real de consulta.";"503 o mensaje de módulo no disponible; no pantalla vacía ni «sin plan» que oculte fallo.";"Pendiente";"";"";"";"";"";"";""
"NUT11";"P0";"Nutrición";"Revisar reportes, consola y permisos de nutrición.";"Datos de salud no salen en respuestas públicas ni logs; acceso mínimo necesario.";"Pendiente";"";"";"";"";"";"";""
"ADM01";"P0";"Edición pública y acciones sensibles";"Abrir /admin/Edit y /admin/images como cliente/anónimo.";"No acceso a edición/archivo privado; probar las APIs además del middleware.";"Pendiente";"";"";"";"";"";"";""
"ADM02";"P0";"Edición pública y acciones sensibles";"Ejecutar operación que requiere confirmación sensible sin contraseña reciente.";"428 y flujo de reautenticación; no ejecutar la operación previamente.";"Pendiente";"";"";"";"";"";"";""
"ADM03";"P0";"Edición pública y acciones sensibles";"Reautenticar con contraseña incorrecta, válida y tras 10 minutos.";"Incorrecta rechazada/limitada; válida habilita solo ventana temporal; vencida exige nueva prueba.";"Pendiente";"";"";"";"";"";"";""
"ADM04";"P0";"Edición pública y acciones sensibles";"Copiar permiso sensible entre cuentas; cambiar contraseña y reutilizarlo.";"Token firmado ligado a usuario y versión actual de credenciales; rechazo al copiar/revocar.";"Pendiente";"";"";"";"";"";"";""
"ADM05";"P1";"Edición pública y acciones sensibles";"Editar plan/historia/galería; guardar y consultar portada sin sesión.";"Contenido actualizado tras confirmar; error conserva contenido anterior; no ejecutar HTML de campos de texto.";"Pendiente";"";"";"";"";"";"";""
"ADM06";"P0";"Edición pública y acciones sensibles";"Servidor con NODE_ENV=production: /api/test-checkin, /api/test-checkout, /api/test/exercises, /api/exercises/seed.";"Admin recibe 404; no exponer simulaciones/seed en operación. Sin sesión sigue sin autorizar.";"Pendiente";"";"";"";"";"";"";""
"ADM07";"P0";"Edición pública y acciones sensibles";"Revisar headers y abrir sitio dentro de iframe ajeno.";"X-Frame-Options DENY/CSP frame-ancestors; nosniff; HTTPS y cookies seguras en despliegue real. La CSP actual es parcial, no una política estricta completa.";"Pendiente";"";"";"";"";"";"";""
"OPS01";"P1";"Usabilidad, accesibilidad y operación";"Repetir flujos críticos en 1440×900, 390×844 y 844×390.";"Sin scroll horizontal, botones inaccesibles ni modales fuera de pantalla; tablas con desplazamiento propio.";"Pendiente";"";"";"";"";"";"";""
"OPS02";"P1";"Usabilidad, accesibilidad y operación";"Navegar con Tab/Shift+Tab/Enter/Escape, sin ratón.";"Foco visible, orden útil, etiquetas y retorno del foco al cerrar modal; no atrapar teclado.";"Pendiente";"";"";"";"";"";"";""
"OPS03";"P1";"Usabilidad, accesibilidad y operación";"Zoom 200%, texto largo y lector de pantalla; ejecutar Axe.";"Controles comprensibles y errores anunciados; sin violaciones críticas/graves en pantallas habilitadas.";"Pendiente";"";"";"";"";"";"";""
"OPS04";"P1";"Usabilidad, accesibilidad y operación";"Móvil con teclado virtual; búsqueda/inputs/modales.";"Campo y botón principal visibles; no perder edición al rotar pantalla.";"Pendiente";"";"";"";"";"";"";""
"OPS05";"P0";"Usabilidad, accesibilidad y operación";"Arrancar build de producción y reiniciar proceso con sesiones/ventas pendientes de prueba.";"No ejecutar seed/migraciones/limpieza automáticamente; estado persistente recuperable.";"Pendiente";"";"";"";"";"";"";""
"OPS06";"P0";"Usabilidad, accesibilidad y operación";"Copia de seguridad y restauración en base aislada.";"Restaurar clientes, pagos, stock, asignaciones y referencias; medir recuperación real y documentar responsable.";"Pendiente";"";"";"";"";"";"";""
"OPS07";"P0";"Usabilidad, accesibilidad y operación";"Verificar despliegue sin leer secretos en pantalla.";"NEXTAUTH_URL real HTTPS, secreto fuerte, DB/S3/SMTP/Culqi correctos por ambiente, servicio biométrico local y credenciales fuera del repositorio/logs.";"Pendiente";"";"";"";"";"";"";""
"OPS08";"P1";"Usabilidad, accesibilidad y operación";"Carga simultánea acordada para recepción/caja/reportes y pérdida de red.";"Respuesta dentro del tiempo acordado, sin stock negativo ni saturación de conexiones; documentar umbral medido.";"Pendiente";"";"";"";"";"";"";""
"OPS09";"P0";"Usabilidad, accesibilidad y operación";"Ejecutar build, typecheck, lint, tests y audit sobre la versión que se liberará.";"Sin errores; avisos revisados. No trasladar resultados de otra versión ni sustituir integraciones reales con mocks.";"Pendiente";"";"";"";"";"";"";""
"OPS10";"P0";"Usabilidad, accesibilidad y operación";"Revisar bloqueos B01–B10 y fichas de casos.";"Registrar aprobación del responsable funcional; mantener deshabilitados los módulos no aprobados.";"Pendiente";"";"";"";"";"";"";""
